,year,All industries,Private industries,"Agriculture, forestry, fishing, and hunting",Farms,"Forestry, fishing, and related activities",Mining,Oil and gas extraction,"Mining, except oil and gas",Support activities for mining,Utilities,Construction,Manufacturing,Durable goods,Wood products,Nonmetallic mineral products,Primary metals,Fabricated metal products,Machinery,Computer and electronic products,"Electrical equipment, appliances, and components","Motor vehicles, bodies and trailers, and parts",Other transportation equipment,Furniture and related products,Miscellaneous manufacturing,Nondurable goods,Food and beverage and tobacco products,Textile mills and textile product mills,Apparel and leather and allied products,Paper products,Printing and related support activities,Petroleum and coal products,Chemical products,Plastics and rubber products,Wholesale trade,Retail trade,Motor vehicle and parts dealers,Food and beverage stores,General merchandise stores,Other retail,Transportation and warehousing,Air transportation,Rail transportation,Water transportation,Truck transportation,Transit and ground passenger transportation,Pipeline transportation,Other transportation and support activities,Warehousing and storage,Information,"Publishing industries, except internet (includes software)",Motion picture and sound recording industries,Broadcasting and telecommunications,"Data processing, internet publishing, and other information services","Finance, insurance, real estate, rental, and leasing",Finance and insurance,"Federal Reserve banks, credit intermediation, and related activities","Securities, commodity contracts, and investments",Insurance carriers and related activities,"Funds, trusts, and other financial vehicles",Real estate and rental and leasing,Real estate,Housing,Other real estate,Rental and leasing services and lessors of intangible assets,Professional and business services,"Professional, scientific, and technical services",Legal services,Computer systems design and related services,"Miscellaneous professional, scientific, and technical services",Management of companies and enterprises,Administrative and waste management services,Administrative and support services,Waste management and remediation services,"Educational services, health care, and social assistance",Educational services,Health care and social assistance,Ambulatory health care services,Hospitals and nursing and residential care facilities,Hospitals,Nursing and residential care facilities,Social assistance,"Arts, entertainment, recreation, accommodation, and food services","Arts, entertainment, and recreation","Performing arts, spectator sports, museums, and related activities","Amusements, gambling, and recreation industries",Accommodation and food services,Accommodation,Food services and drinking places,"Other services, except government",Government,Federal,General government,National defense,Nondefense,Government enterprises,State and local,Addenda:,Private goods-producing industries [1],Private services-producing industries [2],Private goods-producing industries\1\,Private services-producing industries\2\,Information-communications-technology-producing industries\3\
0,1947,471889,431975,32163,30576,1587,10822,3737,5565,1520,6005,21209,185043,80934,5288,3715,14288,11805,10053,3801,5048,14913,4293,2553,5179,104109,45594,13269,14622,7102,2718,8131,9989,2683,19601,37140,,,,,23708,,,,,,,,,11433,,,,,36265,11179,,,,,25086,23118,,,1967,12864,5619,,,,5198,2046,,,7143,1430,5713,,,,,,17401,3075,,,14326,2521,11806,11178,39914,25784,24014,,,1771,14129,,249237.0,182739.0,,,
1,1948,502514,461215,36513,34615,1897,13643,5442,6137,2063,7053,27806,186753,81705,5090,3883,12446,12046,9930,3636,4793,16955,4728,2408,5788,105048,45082,13219,14314,6941,3275,7864,11798,2555,19223,40922,,,,,25300,,,,,,,,,12535,,,,,39991,12177,,,,,27814,25667,,,2147,14238,6228,,,,5781,2229,,,8072,1612,6460,,,,,,17392,3045,,,14347,2370,11976,11776,41299,25421,23541,,,1880,15878,,264714.0,196501.0,,,
2,1949,510344,465413,30732,29034,1698,12551,4856,5672,2024,7391,28501,190747,86061,4895,4045,12342,12609,9776,3456,4521,21057,5134,2366,5860,104686,44531,13166,14008,6778,3409,8471,11899,2424,20348,41138,,,,,25527,,,,,,,,,13523,,,,,42967,12700,,,,,30267,28000,,,2266,14672,6530,,,,5779,2364,,,8362,1674,6688,,,,,,17074,3003,,,14071,2303,11768,11877,44931,27290,25262,,,2028,17641,,262533.0,202880.0,,,
3,1950,577814,531971,33395,31221,2175,14119,5241,6503,2374,8331,35618,224523,108393,6648,5032,16661,15653,11024,4528,5460,28173,5180,3245,6787,116130,46134,15778,14563,8126,3582,10538,14175,3234,24753,45390,,,,,28638,,,,,,,,,14532,,,,,47572,14213,,,,,33359,30858,,,2501,16341,7233,,,,6442,2666,,,8909,1787,7122,,,,,,17313,2942,,,14371,2350,12021,12537,45842,26681,24849,,,1832,19161,,307656.0,224316.0,,,
4,1951,654590,593257,38890,36409,2480,16228,6040,7376,2812,9370,37759,253097,122615,7805,5674,19455,20276,14015,5231,6700,24883,8000,3502,7074,130482,50719,16619,15396,10401,3741,12934,16616,4056,27070,48504,,,,,31997,,,,,,,,,15850,,,,,53243,16080,,,,,37163,34364,,,2799,18839,8326,,,,7425,3088,,,9593,1929,7664,,,,,,19295,2994,,,16301,2554,13748,13520,61332,40622,38853,,,1769,20711,,345974.0,247284.0,,,
5,1952,685974,612097,38222,35741,2481,16579,6267,7123,3189,10370,39339,255627,126268,7656,5514,18198,21426,15335,6574,6926,22321,11492,3538,7288,129360,51388,15030,15378,9655,4083,13534,16437,3854,27234,50491,,,,,33229,,,,,,,,,17306,,,,,58099,17106,,,,,40993,37947,,,3047,20359,9152,,,,7816,3392,,,10611,2138,8473,,,,,,20494,3104,,,17390,2702,14688,14136,73877,51642,48916,,,2726,22235,,349767.0,262330.0,,,
6,1953,739244,659457,34801,32217,2584,18062,6896,7677,3488,11642,41869,284172,145708,7671,5936,23169,24458,15645,8078,7582,29439,12276,3903,7550,138464,56555,15258,16074,10820,4849,13422,17374,4112,27751,52737,,,,,34814,,,,,,,,,18886,,,,,64809,19782,,,,,45027,41671,,,3355,22096,10011,,,,8345,3740,,,11500,2322,9179,,,,,,21308,3218,,,18089,2860,15229,15012,79786,56104,53101,,,3004,23682,,378904.0,280553.0,,,
7,1954,739892,662294,34575,32167,2408,17997,7136,7131,3730,12651,44038,277287,138992,7424,5924,22800,20323,14465,7656,6866,28204,14287,3686,7358,138295,58287,13698,16179,11007,5223,13872,16302,3726,29855,52909,,,,,30416,,,,,,,,,19545,,,,,69993,21565,,,,,48429,44797,,,3632,22891,10664,,,,8262,3966,,,12606,2548,10058,,,,,,21864,3384,,,18480,2983,15496,15667,77598,52070,48709,,,3361,25528,,373897.0,288397.0,,,
8,1955,802620,722069,34430,31611,2819,19905,7644,8202,4058,14006,48586,306225,160414,8602,6883,29059,21839,16066,7837,7432,36822,13634,4251,7990,145811,57392,14755,17201,12473,5736,15398,18262,4593,33358,57205,,,,,33365,,,,,,,,,21182,,,,,75233,23791,,,,,51442,47480,,,3963,25404,11886,,,,9149,4369,,,13448,2727,10722,,,,,,22795,3646,,,19150,3113,16036,16928,80551,52530,49054,,,3476,28021,,409145.0,312924.0,,,
9,1956,841770,758844,34479,31594,2886,21215,8229,8739,4247,15424,51604,317804,167085,8450,7284,31122,23517,18263,9397,8584,32127,15224,4565,8550,150718,58227,14218,17910,13520,6184,17220,18904,4537,35895,59251,,,,,35381,,,,,,,,,22544,,,,,80229,25725,,,,,54504,50177,,,4326,27731,13302,,,,9590,4839,,,14912,3028,11884,,,,,,24015,3909,,,20105,3306,16799,18360,82926,52567,49211,,,3356,30359,,425102.0,333742.0,,,
10,1957,875488,785148,34471,31813,2658,21168,9071,7951,4146,16585,52701,324942,171875,7616,7144,28151,24357,18196,11971,8458,34859,18015,4551,8558,153067,58800,13489,17890,13094,6511,18339,19353,5592,36227,62686,,,,,36161,,,,,,,,,24297,,,,,84865,27057,,,,,57808,53160,,,4649,30195,14811,,,,10079,5304,,,16301,3317,12985,,,,,,24889,3802,,,21087,3570,17516,19661,90339,57092,53290,,,3803,33247,,433282.0,351867.0,,,
11,1958,897466,801361,38354,35738,2617,19010,8525,6732,3753,17646,53587,329522,163338,7319,8632,24475,22266,17950,13777,9143,28490,18818,5343,7126,166184,65976,14277,18732,12433,9588,16910,21354,6914,35946,63022,,,,,34189,,,,,,,,,25730,,,,,89419,27895,,,,,61524,56559,,,4964,30988,15411,,,,9928,5648,,,18064,3693,14370,,,,,,25033,3846,,,21187,3523,17664,20852,96105,59280,55191,,,4089,36824,,440473.0,360888.0,,,
12,1959,978900,880103,38240,35043,3196,19513,8770,7069,3674,18879,59015,370981,190917,8312,10157,29170,24781,20176,17340,10929,36859,19331,5817,8045,180064,69007,16121,20314,14818,9945,17362,24505,7991,40521,68397,,,,,37556,,,,,,,,,27562,,,,,95605,30276,,,,,65329,59962,,,5367,34576,17368,,,,11019,6188,,,20146,4170,15976,,,,,,26602,4284,,,22318,3671,18647,22509,98798,59016,54425,,,4591,39782,,487749.0,392354.0,,,
13,1960,1005957,904003,38999,35716,3283,19495,8850,7530,3115,20150,58204,376756,193938,7574,10196,29478,24073,20757,17493,11388,40312,18531,5709,8427,182818,71328,15784,20313,14480,10186,17644,25178,7905,41159,70358,,,,,38205,,,,,,,,,28920,,,,,102128,33554,,,,,68574,62797,,,5777,36201,18388,,,,11296,6517,,,21688,4553,17135,,,,,,27867,4771,,,23096,3880,19216,23873,101954,58417,53681,,,4736,43537,,493454.0,410550.0,,,
14,1961,1029666,921769,40133,36733,3400,19367,9108,7457,2802,20868,59527,375585,189891,7132,10288,29046,23164,21055,18889,11876,34409,19698,5573,8762,185693,73842,15886,20042,14503,10010,17356,26189,7866,42422,70781,,,,,38738,,,,,,,,,30121,,,,,108475,36733,,,,,71742,65590,,,6153,38689,20165,,,,11570,6953,,,23142,4933,18209,,,,,,28674,5213,,,23461,3991,19471,25246,107897,60357,55544,,,4813,47539,,494612.0,427157.0,,,
15,1962,1105525,987329,41910,38111,3799,19538,9411,7448,2680,21853,62794,405560,210458,7415,10951,31239,24823,23292,21072,13165,42667,20668,6064,9103,195102,76558,17207,21080,15490,10221,17446,28534,8567,44954,76830,,,,,41897,,,,,,,,,32240,,,,,114848,39073,,,,,75775,69090,,,6685,42231,22189,,,,12571,7471,,,25452,5488,19964,,,,,,30488,5719,,,24769,4262,20507,26732,118196,67161,62082,,,5078,51036,,529803.0,457525.0,,,
16,1963,1163013,1036910,43465,39210,4255,19602,9628,7523,2451,22363,66766,423875,225619,7873,11809,33297,25937,25465,23682,14351,46009,21462,6050,9685,198256,76136,17841,21858,16445,7548,18003,31334,9090,47628,81182,,,,,43591,4204.0,11383.0,2745.0,11610.0,3752.0,1420.0,6722.0,1755.0,34880,9921.0,4303.0,19486.0,1171.0,119950,40817,17583.0,3124.0,18293.0,1817.0,79133,71985,,,7148,45263,24046,6978.0,1977.0,15091.0,13145,8072,5642.0,2430.0,28102,6128,21974,11898.0,9026.0,,,1050.0,32084,6188,2985.0,3203.0,25896,4586,21309,28159,126104,70449,64608,,,5841,55654,,553708.0,483202.0,,,
17,1964,1242665,1108736,42348,37660,4687,20616,9792,8195,2629,23142,72596,451686,243530,8463,12437,37578,28256,28819,24111,15412,49797,21976,6487,10195,208157,79173,19193,22864,17207,7932,18465,33648,9675,52428,85326,,,,,46767,4771.0,11787.0,3009.0,12654.0,3877.0,1562.0,7195.0,1911.0,37082,10430.0,4375.0,20987.0,1291.0,130797,45982,20172.0,3397.0,20438.0,1976.0,84814,77558,,,7256,49392,26132,7384.0,2174.0,16573.0,14187,9073,6373.0,2700.0,31929,6706,25223,13952.0,10118.0,,,1153.0,34466,6634,3264.0,3370.0,27832,5152,22680,30161,133930,73185,66914,,,6271,60744,,587247.0,521489.0,,,
18,1965,1355977,1211715,46664,41586,5078,21701,10255,8796,2650,24320,79096,496256,275631,8951,13384,42052,31787,32516,27734,17350,59983,23725,7051,11098,220626,81715,20474,24150,18618,8658,19289,36884,10838,60730,91638,,,,,50500,5595.0,12385.0,3114.0,13778.0,4018.0,1716.0,7801.0,2094.0,40514,11162.0,4956.0,22965.0,1430.0,141649,50331,21658.0,3828.0,22694.0,2151.0,91319,84047,,,7272,54051,28498,8019.0,2351.0,18128.0,15383,10170,7182.0,2988.0,34751,7569,27182,14872.0,10964.0,,,1347.0,37443,6792,3410.0,3383.0,30651,6045,24605,32402,144261,77388,70640,,,6748,66874,,643717.0,567998.0,,,
19,1966,1479160,1316629,50175,44628,5547,23001,11119,9215,2667,25807,83209,542433,305130,9551,14014,45334,36902,37876,33497,19680,60378,28317,7689,11892,237303,87267,21915,25407,20378,9433,20635,40277,11991,67326,97037,,,,,54896,6474.0,12974.0,3687.0,14921.0,4252.0,1884.0,8421.0,2284.0,45179,13176.0,5378.0,25007.0,1618.0,152654,54858,23936.0,4537.0,24038.0,2346.0,97797,90450,,,7347,60857,32549,9044.0,2957.0,20548.0,16901,11407,8281.0,3127.0,38474,8514,29960,15803.0,12530.0,,,1627.0,40730,7369,3749.0,3621.0,33361,6826,26535,34851,162531,88308,81218,,,7090,74223,,698818.0,617811.0,,,
20,1967,1554974,1372870,50558,44697,5861,23675,12064,8970,2641,27212,85360,558387,310151,9865,13867,42876,41186,39835,35436,20287,53241,32986,7856,12717,248236,91540,22255,26667,21183,10031,22283,41561,12716,69670,99243,,,,,57875,7830.0,12670.0,3945.0,15592.0,4562.0,2091.0,8823.0,2362.0,48461,13577.0,5800.0,27318.0,1766.0,164165,58395,26388.0,5229.0,24223.0,2554.0,105770,97754,,,8016,64742,34670,9528.0,2787.0,22356.0,17731,12341,9170.0,3172.0,42596,9389,33207,16562.0,14735.0,,,1911.0,43104,7815,3998.0,3818.0,35288,7982,27306,37821,182104,100196,92536,,,7661,81908,,717981.0,654889.0,,,
21,1968,1689763,1486794,52329,45518,6811,24976,12520,9673,2783,28753,96275,603144,340375,11534,15148,46515,44813,41349,37783,21527,63623,35784,8573,13728,262769,94665,24272,28521,22431,10812,23072,44650,14346,73693,106042,,,,,62457,8948.0,13142.0,4490.0,16649.0,4980.0,2261.0,9504.0,2484.0,52736,14514.0,6632.0,29506.0,2085.0,179931,66049,28448.0,6534.0,28182.0,2884.0,113882,105147,,,8735,70296,37387,10026.0,2878.0,24482.0,19417,13492,9929.0,3563.0,48260,10421,37839,18090.0,17605.0,,,2144.0,48037,8476,4420.0,4055.0,39562,8777,30785,39864,202969,110405,101475,,,8930,92564,,776725.0,710069.0,,,
22,1969,1824902,1605413,57202,49499,7703,27089,13424,10624,3040,30486,105354,642253,363464,13108,16164,51051,47484,45033,40201,23009,66125,37086,9326,14879,278789,100694,25059,30174,24679,11798,23876,46758,15752,78502,112004,,,,,70180,10177.0,13758.0,4347.0,20235.0,5496.0,2553.0,10806.0,2808.0,58128,15932.0,6987.0,32695.0,2514.0,197933,74108,35005.0,6003.0,29816.0,3284.0,123824,114198,,,9626,77575,41780,11054.0,3561.0,27165.0,20687,15108,11206.0,3902.0,54788,11475,43312,20196.0,20651.0,,,2465.0,52208,9283,4893.0,4390.0,42925,9466,33460,41711,219489,115168,105619,,,9549,104321,,831898.0,773515.0,,,
23,1970,1902979,1666954,59505,51782,7723,29897,14230,12643,3024,33014,108462,634325,349678,13225,16128,49333,45686,45552,39811,23057,57542,35339,9130,14876,284646,106024,24467,29499,25143,12254,23952,47527,15781,83723,118276,,,,,74855,10814.0,14303.0,4700.0,21660.0,6077.0,2875.0,11464.0,2961.0,62363,17073.0,7084.0,35334.0,2872.0,215146,81082,40328.0,4820.0,32259.0,3675.0,134065,123252,,,10813,83998,46199,13056.0,4166.0,28976.0,21321,16478,12114.0,4364.0,61558,12828,48730,22518.0,23455.0,,,2757.0,57902,10123,5353.0,4770.0,47780,10283,37497,43930,236025,117615,107743,,,9872,118410,,832188.0,834765.0,,,
24,1971,2049301,1793029,64341,55438,8903,29925,14896,12150,2878,35324,128654,669324,370572,15317,17836,48979,46481,46134,39066,23153,74115,34211,9815,15466,298752,110946,26119,30904,25618,12608,25416,49681,17460,90518,126626,,,,,80370,11782.0,15123.0,4510.0,23568.0,6665.0,3153.0,12394.0,3176.0,66774,17509.0,7676.0,38325.0,3264.0,235906,87592,42638.0,6630.0,34214.0,4110.0,148314,135736,,,12579,89935,49536,14436.0,3858.0,31242.0,22861,17538,12901.0,4637.0,68650,13882,54768,24177.0,27316.0,,,3274.0,60763,10745,5723.0,5022.0,50018,10135,39883,45917,256272,123084,112466,,,10618,133188,,892244.0,900785.0,,,
25,1972,2273725,1995036,74860,63374,11486,31100,14978,12790,3332,40210,148572,748040,417710,19850,20471,55378,51818,53883,43427,26021,82021,34733,11912,18195,330330,122584,30252,32253,28386,14276,26545,55200,20834,100260,138176,,,,,87541,13142.0,15945.0,4922.0,25985.0,7062.0,3518.0,13542.0,3426.0,74397,18960.0,8637.0,42922.0,3878.0,260333,97510,46436.0,7898.0,38678.0,4498.0,162823,148328,,,14495,99293,54686,15886.0,3908.0,34893.0,24930,19676,14499.0,5178.0,76038,14887,61151,26348.0,30833.0,,,3970.0,68413,11562,6095.0,5466.0,56851,12455,44396,47803,278689,131432,119243,,,12190,147257,,1002572.0,992464.0,,,
26,1973,2556021,2258868,104777,91298,13479,36629,17199,15646,3783,43341,163227,864072,484529,22877,22719,68342,59817,63119,49641,29887,93959,41098,13377,19693,379543,142636,34047,34265,32578,15794,32709,63076,24439,110585,148841,,,,,96666,15025.0,17657.0,5764.0,28064.0,7232.0,3883.0,15243.0,3798.0,83258,20943.0,9255.0,48532.0,4528.0,282923,104460,50490.0,6102.0,42698.0,5170.0,178463,162677,,,15786,112199,62150,18303.0,4545.0,39302.0,27597,22452,16772.0,5681.0,84810,16373,68437,29902.0,34134.0,,,4402.0,76130,13122,6787.0,6335.0,63007,13579,49428,51412,297152,134535,122207,,,12327,162618,,1168704.0,1090164.0,,,
27,1974,2877753,2547749,106585,91988,14597,57127,27588,23674,5865,52607,163790,1004444,541165,24334,25075,89659,70462,74241,55132,33624,86994,46073,13894,21676,463280,168492,36243,34947,40331,17582,55688,81635,28362,128685,168207,,,,,109155,17804.0,20150.0,7199.0,30079.0,7859.0,4352.0,17459.0,4253.0,91497,22959.0,10119.0,53403.0,5016.0,309141,114947,58144.0,5237.0,45660.0,5906.0,194193,177579,,,16615,123233,68077,20239.0,5539.0,42299.0,29951,25205,19138.0,6067.0,94772,17688,77084,33124.0,39127.0,,,4834.0,83206,14909,7524.0,7385.0,68297,14436,53861,55298,330005,146460,131690,,,14769,183545,,1331947.0,1215802.0,,,
28,1975,3055319,2689339,108164,94384,13780,67604,31801,27791,8012,63322,160754,1025376,534565,22569,25833,77116,72694,77708,54355,31079,86956,50581,13046,22630,490811,178098,34507,35729,41483,18576,66495,87909,28015,136074,166679,,,,,113750,18149.0,19930.0,7860.0,31558.0,8437.0,5230.0,18169.0,4417.0,102468,24859.0,11282.0,60722.0,5604.0,346994,134312,70288.0,7161.0,50143.0,6719.0,212682,195016,,,17666,134090,73787,21029.0,6790.0,45967.0,33012,27291,20674.0,6617.0,109512,19506,90006,38408.0,46021.0,,,5577.0,93154,16795,8272.0,8523.0,76359,15818,60541,61399,365980,157213,142301,,,14913,208767,,1361898.0,1327441.0,,,
29,1976,3434643,3042859,113112,96121,16990,74313,35979,28942,9391,73953,181436,1164221,614890,27337,29192,88735,80863,83609,62578,35498,114197,52871,15070,24942,549330,186064,40850,39125,47390,21034,79907,102120,32840,164270,203631,,,,,126504,20750.0,20865.0,9761.0,34710.0,9177.0,6101.0,20297.0,4843.0,115314,27222.0,13450.0,68098.0,6544.0,377736,143202,68949.0,8214.0,58300.0,7738.0,234535,215442,,,19092,150405,81363,23139.0,7416.0,50807.0,37383,31659,23969.0,7690.0,124819,21418,103401,43211.0,53608.0,,,6582.0,104357,18787,9089.0,9698.0,85570,18030,67540,68787,391785,167263,148584,,,18679,224522,,1533082.0,1509777.0,,,
30,1977,3872733,3447884,119590,99490,20100,84547,42317,29716,12514,85861,210702,1325330,709949,31767,33745,97835,92676,95091,76073,41266,137306,57086,18471,28634,615380,196482,46207,43720,52095,24354,95901,116069,40551,189881,228664,,,,,145830,23633.0,23966.0,11197.0,39673.0,9862.0,8128.0,23713.0,5657.0,127768,30355.0,14971.0,74586.0,7855.0,426002,163115,73328.0,10334.0,70432.0,9021.0,262887,242086,,,20800,170527,91345,25543.0,7829.0,57972.0,42087,37095,28694.0,8402.0,140745,22954,117791,49325.0,60822.0,,,7644.0,114327,21004,10011.0,10993.0,93323,19539,73784,78112,424849,180317,160778,,,19540,244531,,1740169.0,1707716.0,,,
31,1978,4366783,3900223,140409,117591,22818,97422,46632,33939,16851,98397,252315,1482558,812501,35035,39650,113105,105404,109268,88919,45953,157771,64484,21455,31457,670057,219802,47357,46468,57032,27475,102293,125345,44286,207385,245665,,,,,169407,26707.0,25752.0,12398.0,46590.0,10156.0,14156.0,27125.0,6524.0,145145,35383.0,16246.0,84081.0,9436.0,490771,192564,88946.0,12197.0,81909.0,9512.0,298206,274180,,,24027,197376,106451,29277.0,9007.0,68167.0,47704,43221,33852.0,9369.0,158872,25408,133464,54407.0,70026.0,,,9031.0,128887,22930,11049.0,11880.0,105957,22301,83656,85616,466560,197283,175039,,,22244,269277,,1972703.0,1927520.0,,,
32,1979,4925491,4412762,165559,140461,25099,126214,62123,43293,20798,114981,287146,1684273,915166,37404,43633,131983,121046,125404,105382,51814,160772,79721,23001,35006,769106,239939,49951,47419,63926,30753,145585,143251,48282,236072,261973,,,,,184052,25268.0,29097.0,14687.0,51016.0,10911.0,16572.0,29146.0,7356.0,162975,40647.0,18471.0,92527.0,11331.0,543399,206676,95394.0,15262.0,85757.0,10263.0,336722,307967,,,28755,226391,123387,30893.0,11465.0,81029.0,52253,50750,40743.0,10007.0,179234,27903,151331,61134.0,79563.0,,,10634.0,146908,25346,12320.0,13026.0,121562,26195,95367,93586,512729,215642,191226,,,24416,297087,,2263191.0,2149571.0,,,
33,1980,5461956,4888173,162760,137795,24965,173806,95657,48266,29882,127166,288388,1810000,939991,36081,43851,130190,127471,134382,124944,53851,135174,91502,24197,38347,870009,261661,51291,51294,70343,34069,194417,157835,49099,288219,326101,,,,,208459,37355.0,32826.0,15902.0,51031.0,11465.0,18079.0,33957.0,7845.0,178044,44665.0,18876.0,101515.0,12988.0,600720,222998,99897.0,18847.0,91908.0,12346.0,377722,344093,,,33629,257150,142618,34684.0,13762.0,94172.0,57387,57145,46384.0,10761.0,205547,31298,174249,70129.0,91722.0,,,12399.0,162158,28612,13998.0,14613.0,133547,28990,104556,99653,573783,244470,218217,,,26253,329313,,2434955.0,2453218.0,,,
34,1981,6033517,5388907,178745,152608,26136,226202,130048,49863,46292,148070,305771,1970736,1019792,36595,45596,139519,137249,147002,139855,56653,152927,96337,25774,42285,950945,279505,54069,55318,76778,37963,219420,173071,54822,308177,340363,,,,,216375,33230.0,36533.0,17718.0,54133.0,12257.0,18849.0,35027.0,8628.0,204929,48800.0,22557.0,118447.0,15125.0,664260,239241,103508.0,22084.0,99732.0,13917.0,425019,386079,,,38939,297230,167599,40885.0,16452.0,110262.0,64269,65362,54196.0,11166.0,239356,35041,204315,83026.0,107303.0,,,13986.0,180954,32890,15897.0,16993.0,148064,33572,114492,107738,644610,280026,247899,,,32126,364584,,2681454.0,2707452.0,,,
35,1982,6175017,5468133,171164,146978,24186,215456,124345,42311,48800,160765,295765,1910779,967242,32769,43065,104702,131128,132899,155861,54147,148027,94420,25832,44391,943537,290009,50416,57737,78540,42556,205114,162576,56589,288014,338408,,,,,218325,40063.0,32914.0,15608.0,52555.0,12987.0,19992.0,35934.0,8273.0,233481,53542.0,25038.0,137807.0,17094.0,742407,280732,122311.0,29199.0,113610.0,15613.0,461675,418669,,,43006,322264,185263,45326.0,19358.0,120580.0,67070,69931,58148.0,11783.0,265574,38833,226742,89861.0,121735.0,,,15146.0,192765,35030,16925.0,18104.0,157735,35749,121987,112966,706884,306530,273357,,,33173,400354,,2593165.0,2874969.0,,,
36,1983,6630983,5868245,156226,130024,26202,193179,118135,42269,32776,178865,332916,2001717,1030296,38261,46450,107981,129951,121302,169302,57566,185676,100572,28716,44520,971421,298011,56657,59905,82822,45703,187010,179290,62024,288824,361569,,,,,231569,43897.0,31976.0,15926.0,59212.0,13463.0,20726.0,37292.0,9077.0,260813,61049.0,27673.0,153161.0,18930.0,863570,356525,163865.0,42873.0,132290.0,17498.0,507045,459136,,,47908,362791,207861,49803.0,20886.0,137172.0,75363,79567,66644.0,12923.0,299250,42427,256823,103363.0,136747.0,,,16712.0,209605,38532,18528.0,20005.0,171073,38929,132144,127350,762738,330590,295870,,,34720,432148,,2684038.0,3184206.0,,,
37,1984,7313825,6496134,181961,154879,27082,207355,125834,47262,34259,182043,392517,2200126,1170079,42771,50947,116499,142076,139507,202558,65501,224115,105485,32844,47776,1030046,313500,58995,61044,91578,51541,181959,199719,71710,334215,388816,,,,,255222,50323.0,35231.0,16342.0,66412.0,14479.0,21497.0,40556.0,10384.0,284612,67384.0,30941.0,166419.0,19868.0,950971,391098,168602.0,39805.0,162304.0,20387.0,559873,505601,,,54272,418735,238835,56510.0,23839.0,158486.0,85930,93970,79288.0,14682.0,328586,45870,282717,117079.0,146990.0,,,18648.0,227769,41063,19854.0,21209.0,186706,45230,141476,143206,817690,350163,313552,,,36611,467527,,2981959.0,3514175.0,,,
38,1985,7775707,6883391,172506,147668,24839,193268,117763,44871,30634,177176,431991,2228129,1198590,42594,52597,106636,144095,145117,208503,66702,231204,118517,34179,48447,1029538,317065,56401,59823,91393,54818,170689,205233,74115,363819,439963,,,,,257947,53776.0,33003.0,16253.0,68640.0,15211.0,20302.0,40154.0,10607.0,305623,70100.0,32988.0,181963.0,20571.0,1074325,454167,191406.0,48535.0,190574.0,23653.0,620158,560258,,,59900,471690,271461,64709.0,25348.0,181404.0,93985,106244,88719.0,17525.0,360653,49450,311203,132097.0,157909.0,,,21198.0,244680,44807,21229.0,23578.0,199873,50556,149317,161621,892316,379800,339048,,,40752,512516,,3025894.0,3857497.0,,,
39,1986,8031006,7075246,165704,139187,26517,130136,69731,43043,17362,160708,465574,2207126,1212582,45422,54861,101618,143351,141487,207199,68046,234903,129748,36165,49782,994544,324088,58533,59675,95873,57839,119474,202400,76662,378853,458117,,,,,265147,58003.0,31229.0,16263.0,71208.0,15467.0,19821.0,41489.0,11668.0,333070,78619.0,36594.0,196314.0,21542.0,1162473,486524,214956.0,62574.0,182876.0,26118.0,675949,611959,,,63990,518733,299924,71937.0,27324.0,200662.0,101621,117188,98588.0,18599.0,394925,53192,341733,147424.0,170683.0,,,23626.0,261302,46738,21968.0,24770.0,214564,53752,160813,173378,955760,401977,359353,,,42624,553783,,2968540.0,4106706.0,,,
40,1987,8707498,7702550,175100,147055,28046,133967,75629,43768,14570,183104,493853,2412641,1299455,54442,61256,110178,148435,150673,224993,72296,245648,131703,41466,58364,1113186,348074,67660,66546,104141,66379,130052,241717,88617,412007,514321,,,,,285653,67415.0,31927.0,15725.0,80393.0,15535.0,18852.0,43683.0,12123.0,350733,89003.0,38369.0,203446.0,19915.0,1256571,527638,225809.0,71036.0,195370.0,35423.0,728933,662350,,,66584,568058,332692,81372.0,26586.0,224734.0,104542,130824,110775.0,20050.0,438941,56669,382273,170631.0,185042.0,,,26600.0,287151,49394,23115.0,26279.0,237757,61209,176548,190449,1004948,415914,371260,,,44654,589034,,3215562.0,4486988.0,,,
41,1988,9434248,8366886,183247,153681,29566,135457,68781,49129,17547,191638,509121,2628261,1423077,55978,62634,137356,162887,168484,245958,77865,265143,138949,42804,65018,1205185,375176,70765,68810,117577,70774,129976,274437,97669,455136,536172,,,,,315166,75387.0,33689.0,17363.0,90605.0,16391.0,19007.0,49171.0,13552.0,374957,97274.0,41607.0,213841.0,22236.0,1366609,552105,237019.0,64078.0,218900.0,32108.0,814504,734924,,,79580,644785,379559,92673.0,31322.0,255565.0,110856,154369,130841.0,23528.0,495343,63003,432340,195118.0,205110.0,,,32113.0,319530,55820,25722.0,30097.0,263710,67298,196412,211463,1067361,434453,385927,,,48526,632908,,3456087.0,4910800.0,,,
42,1989,10069827,8919865,201998,171924,30073,141696,74602,50514,16580,204011,523941,2774450,1481873,57462,63343,142314,169478,183906,250465,82175,276088,143765,44613,68262,1292577,404847,73456,67590,126195,74423,144230,297983,103855,479369,566625,,,,,331761,77784.0,34192.0,17551.0,98455.0,17275.0,19335.0,52787.0,14381.0,397691,103505.0,46635.0,222450.0,25100.0,1463864,588703,240712.0,74081.0,239332.0,34579.0,875161,788670,,,86490,718719,426206,101491.0,37199.0,287516.0,118237,174275,148374.0,25901.0,545373,68944,476429,214010.0,227540.0,,,34878.0,340663,61259,27064.0,34196.0,279403,70887,208516,229706,1149962,458292,406736,,,51556,691669,,3642084.0,5277780.0,,,
43,1990,10624557,9386842,211225,179887,31339,160086,87309,53160,19617,208285,530286,2836489,1486040,56977,63550,136118,172889,184593,259805,81140,255772,156744,44808,73645,1350449,420258,71703,68492,126513,78410,170595,306627,107852,509871,589115,,,,,353207,80619.0,34789.0,18496.0,108794.0,18574.0,19384.0,57115.0,15435.0,422569,109273.0,49929.0,235542.0,27825.0,1561442,609426,248568.0,69571.0,257243.0,34043.0,952017,857470,,,94547,784055,463981,111532.0,40116.0,312334.0,125511,194563,166134.0,28429.0,606931,74580,532350,240300.0,253440.0,,,38611.0,369921,69686,32099.0,37586.0,300235,74662,225573,243360,1237714,484431,429753,,,54678,753283,,3738086.0,5648756.0,,,
44,1991,10807959,9490282,205471,175266,30205,152428,78579,53632,20217,219271,490942,2795966,1443206,53834,59597,124192,168518,178540,261997,77321,246188,154547,42310,76162,1352761,431499,71833,69850,124463,76782,157629,313058,107647,516151,596799,,,,,357942,81234.0,34292.0,19041.0,109115.0,19418.0,19143.0,60029.0,15670.0,440618,113039.0,53702.0,244514.0,29362.0,1628432,646062,262279.0,82996.0,268790.0,31998.0,982370,889831,,,92539,803564,475380,114541.0,42554.0,318285.0,130555,197629,169297.0,28332.0,659425,79319,580106,262506.0,278064.0,,,39535.0,380117,72773,33872.0,38901.0,307344,76046,231298,243157,1317677,511766,452962,,,58804,805911,,3644807.0,5845475.0,,,
45,1992,11381042,9998655,217081,182577,34504,145203,76828,52462,15913,226927,515095,2922336,1531909,61968,62169,125238,174566,181635,278684,83018,283000,154575,46196,80861,1390426,445178,76783,74612,126246,81360,148421,323178,114649,537779,629937,,,,,376235,82995.0,35175.0,19100.0,118037.0,19830.0,20250.0,63679.0,17170.0,463911,117202.0,55793.0,259360.0,31557.0,1718217,678648,275490.0,89073.0,281314.0,32772.0,1039568,942017,,,97552,854766,502971,124511.0,40520.0,337940.0,138304,213491,182541.0,30950.0,720611,84475,636136,292503.0,301482.0,,,42151.0,403610,81536,37010.0,44526.0,322074,82471,239602,266947,1382387,519914,458997,,,60917,862473,,3799714.0,6198941.0,,,
46,1993,12024404,10592707,218651,182156,36494,145078,78148,49128,17802,239130,545345,3052564,1630413,72093,65116,129707,181867,197433,293151,89092,319659,145455,48936,87904,1422151,455347,80285,77884,126231,83220,143445,332519,123220,580331,679354,,,,,398715,90537.0,35377.0,20184.0,124599.0,20300.0,21807.0,67385.0,18525.0,504055,129483.0,62495.0,278058.0,34018.0,1842743,744002,293277.0,110469.0,301840.0,38416.0,1098741,992623,,,106118,915888,539952,129132.0,55715.0,355105.0,147680,228256,194877.0,33379.0,760305,89199,671106,309590.0,315977.0,,,45538.0,431759,89829,41871.0,47958.0,341929,87548,254381,278791,1431696,519383,456593,,,62789,912314,,3961638.0,6631070.0,,,
47,1994,12826840,11334515,237742,197496,40246,143252,72931,53941,16380,242143,587748,3282805,1796220,79876,70678,145295,200242,220070,330852,97056,374495,133584,52518,91555,1486585,468259,84933,81505,135964,85613,142220,352787,135305,635539,741055,,,,,426902,95510.0,37088.0,20745.0,137860.0,20772.0,22525.0,72080.0,20321.0,544432,139924.0,68489.0,298155.0,37863.0,1954633,775799,306613.0,107698.0,323224.0,38264.0,1178834,1062573,,,116261,984724,572661,132583.0,63010.0,377069.0,158321,253741,217450.0,36291.0,795506,94344,701162,328373.0,324285.0,,,48505.0,459011,97346,45709.0,51637.0,361665,94814,266851,299023,1492326,524625,458701,,,65924,967701,,4251547.0,7082967.0,,,
48,1995,13653245,12104875,232684,191897,40788,142175,72273,54857,15045,243995,613725,3541213,1945821,81164,75675,163136,219311,243943,386530,102913,391430,128432,55019,98269,1595392,491014,86226,82914,166032,92622,149988,380615,145980,690848,786192,,,,,449007,101895.0,38219.0,22498.0,143616.0,21905.0,21976.0,76430.0,22468.0,598644,153549.0,76527.0,326711.0,41857.0,2076717,838611,326598.0,136253.0,332008.0,43752.0,1238106,1113166,,,124940,1080007,627711,134580.0,74615.0,418515.0,168352,283944,245616.0,38328.0,841752,100747,741005,352233.0,337133.0,,,51639.0,486205,108666,50562.0,58104.0,377539,101502,276037,321710,1548370,527030,456198,,,70832,1021340,,4529798.0,7575077.0,,,
49,1996,14463405,12864444,255640,215813,39827,167857,96113,55241,16504,255545,666762,3667937,2031286,83304,81810,161357,230384,254603,416988,106467,397396,136822,56999,105156,1636651,508773,85937,83641,152746,95927,171530,387736,150361,711890,824374,,,,,471626,106060.0,38158.0,24227.0,151734.0,23048.0,23878.0,80883.0,23638.0,662375,170979.0,85806.0,361037.0,44552.0,2249231,918917,359003.0,173325.0,337076.0,49515.0,1330314,1190727,,,139587,1191047,695856,145270.0,84413.0,466172.0,179780,315411,275092.0,40319.0,884186,108490,775695,368910.0,352741.0,,,54044.0,516087,118554,55912.0,62642.0,397532,109195,288337,339888,1598961,530608,456950,,,73658,1068353,,4758196.0,8106248.0,,,
50,1997,15393319,13728169,257882,219380,38502,176871,98509,56243,22119,261979,709092,3897971,2189827,88806,85860,168286,243943,269765,461129,111103,430955,155596,63576,110808,1708144,531838,89136,87190,149242,98356,175722,417629,159031,747153,857282,,,,,499361,114332.0,38152.0,24757.0,162011.0,24274.0,24251.0,85242.0,26342.0,730598,190768.0,89500.0,404143.0,46187.0,2411854,1005902,393815.0,205979.0,349963.0,56145.0,1405952,1256064,,,149887,1345870,799825,155643.0,123875.0,520307.0,195164,350881,308911.0,41969.0,929400,113120,816280,388193.0,366511.0,,,61576.0,550825,127378,59313.0,68065.0,423447,116482,306965,352032,1665150,541542,465133,,,76409,1123608,,5041816.0,8686353.0,,,
52,1998,16216785.0,14487020.0,249763.0,207822.0,41942.0,151537.0,72745.0,55373.0,23419.0,268067.0,779602.0,3962464.0,2278794.0,91836.0,91637.0,166636.0,254693.0,278012.0,464688.0,114733.0,447725.0,184008.0,68431.0,116394.0,1683670.0,540244.0,87658.0,79047.0,153176.0,101045.0,136588.0,422348.0,163564.0,772731.0,892213.0,174664.0,133477.0,123470.0,460601.0,527364.0,115629.0,38138.0,24789.0,174069.0,26487.0,24129.0,95489.0,28633.0,808383.0,214109.0,96853.0,446855.0,50566.0,2610555.0,1113095.0,429934.0,243947.0,373823.0,65392.0,1497459.0,1327067.0,911352.0,415715.0,170392.0,1510295.0,889601.0,170184.0,153588.0,565830.0,221660.0,399033.0,352565.0,46468.0,987913.0,121743.0,866170.0,408020.0,,289792.0,102046.0,66313.0,582590.0,133528.0,64578.0,68950.0,449061.0,123761.0,325301.0,383544.0,1729765.0,542131.0,464486.0,300962.0,163523.0,77645.0,1187635.0,,,,5143366.0,9343654.0,1087193.0
53,1999,17270727.0,15436428.0,245315.0,199949.0,45365.0,156116.0,85524.0,53050.0,17543.0,314786.0,841640.0,4079748.0,2356148.0,98086.0,95687.0,156590.0,257304.0,275869.0,486423.0,116925.0,503035.0,180347.0,70827.0,115056.0,1723600.0,538151.0,86559.0,75979.0,155602.0,103844.0,160487.0,430467.0,172513.0,826239.0,953695.0,196427.0,140404.0,131706.0,485159.0,558536.0,120543.0,38690.0,25863.0,185753.0,26348.0,24133.0,106113.0,31094.0,913332.0,238542.0,104703.0,506107.0,63981.0,2833735.0,1234615.0,477390.0,292429.0,390195.0,74602.0,1599120.0,1410874.0,967969.0,442905.0,188246.0,1653859.0,977647.0,180905.0,186188.0,610553.0,240135.0,436078.0,385370.0,50708.0,1038591.0,129798.0,908793.0,425841.0,,303298.0,105889.0,73765.0,618496.0,142558.0,69214.0,73344.0,475939.0,133821.0,342117.0,402339.0,1834299.0,562478.0,481408.0,313270.0,168137.0,81071.0,1271820.0,,,,5322819.0,10113609.0,1224342.0
54,2000,18625220.0,16674534.0,243596.0,204313.0,39283.0,218553.0,142988.0,54676.0,20888.0,373248.0,913887.0,4290197.0,2434998.0,95022.0,97716.0,155704.0,269187.0,294556.0,548679.0,125101.0,482272.0,161856.0,75889.0,129016.0,1855198.0,557109.0,85053.0,75328.0,163676.0,107191.0,233011.0,454756.0,179075.0,880497.0,1000038.0,195374.0,141466.0,136288.0,526911.0,600223.0,133956.0,39260.0,27336.0,198502.0,26050.0,23217.0,118082.0,33819.0,1008521.0,259417.0,115294.0,563089.0,70721.0,3129690.0,1395385.0,527983.0,357164.0,420321.0,89918.0,1734305.0,1524171.0,1028523.0,495648.0,210134.0,1809961.0,1073877.0,187739.0,210685.0,675454.0,260188.0,475896.0,423182.0,52713.0,1110207.0,141664.0,968543.0,452569.0,,320348.0,112511.0,83115.0,670182.0,151455.0,75861.0,75594.0,518727.0,150320.0,368408.0,425732.0,1950686.0,587518.0,503927.0,321572.0,182355.0,83591.0,1363168.0,,,,5666232.0,11008301.0,1375305.0
55,2001,18881157.0,16801227.0,251356.0,212334.0,39022.0,226609.0,142309.0,55094.0,29205.0,446478.0,956910.0,4046230.0,2240213.0,88020.0,94409.0,136919.0,252564.0,264836.0,461213.0,110547.0,458273.0,181331.0,73079.0,119023.0,1806017.0,576415.0,76628.0,58774.0,154970.0,104099.0,218056.0,446716.0,170359.0,860337.0,992262.0,176591.0,152601.0,139038.0,524033.0,591914.0,118292.0,39849.0,26985.0,199336.0,26871.0,22700.0,121548.0,36334.0,1039235.0,261917.0,121982.0,581218.0,74118.0,3214050.0,1381380.0,548028.0,312814.0,439606.0,80932.0,1832671.0,1622801.0,1103725.0,519077.0,209869.0,1835298.0,1103450.0,200687.0,205236.0,697526.0,259557.0,472292.0,418906.0,53386.0,1208424.0,155471.0,1052953.0,492480.0,,345675.0,121171.0,93628.0,689626.0,159987.0,83002.0,76985.0,529639.0,144684.0,384955.0,442498.0,2079929.0,619603.0,535967.0,339792.0,196175.0,83636.0,1460327.0,,,,5481104.0,11320123.0,1318457.0
56,2002,19170837.0,16955232.0,241873.0,202363.0,39509.0,195993.0,116721.0,54442.0,24831.0,325154.0,969697.0,3970541.0,2164346.0,90172.0,95253.0,139163.0,246866.0,246792.0,390169.0,100858.0,476661.0,175760.0,75622.0,127030.0,1806195.0,568695.0,75379.0,50868.0,152466.0,99721.0,214238.0,471418.0,173411.0,891879.0,1045303.0,208890.0,153932.0,139482.0,542998.0,595468.0,111351.0,40488.0,25962.0,203133.0,27447.0,22150.0,125242.0,39693.0,1045111.0,264640.0,122585.0,576711.0,81174.0,3336303.0,1401732.0,581916.0,286399.0,462013.0,71405.0,1934571.0,1732662.0,1148850.0,583811.0,201909.0,1852186.0,1122588.0,212020.0,199741.0,710826.0,261756.0,467842.0,414373.0,53468.0,1307036.0,166198.0,1140838.0,529560.0,,382358.0,128413.0,100507.0,720439.0,167268.0,90975.0,76293.0,553171.0,147634.0,405537.0,458249.0,2215606.0,679608.0,592370.0,374582.0,217788.0,87238.0,1535998.0,,,,5378104.0,11577127.0,1249292.0
57,2003,20138014.0,17795467.0,269299.0,227873.0,41426.0,252910.0,165982.0,57394.0,29534.0,343152.0,1039480.0,4049031.0,2174084.0,92669.0,96544.0,137676.0,244276.0,250129.0,387809.0,97939.0,487881.0,172063.0,75271.0,131827.0,1874947.0,599752.0,72318.0,44902.0,148736.0,95442.0,245974.0,491627.0,176195.0,929221.0,1108007.0,211281.0,159015.0,157142.0,580569.0,628214.0,121989.0,41448.0,30155.0,208887.0,28073.0,22355.0,130048.0,45257.0,1048984.0,261726.0,130593.0,574113.0,82551.0,3560216.0,1499478.0,614305.0,307988.0,506927.0,70258.0,2060738.0,1841805.0,1193844.0,647961.0,218934.0,1944184.0,1171602.0,238963.0,197725.0,734914.0,280575.0,492007.0,434705.0,57302.0,1396012.0,176555.0,1219457.0,566791.0,,408908.0,137369.0,106389.0,757979.0,180455.0,97438.0,83017.0,577523.0,151249.0,426274.0,468779.0,2342548.0,752051.0,665103.0,428318.0,236785.0,86948.0,1590497.0,,,,5610720.0,12184747.0,1239776.0
58,2004,21688905.0,19210000.0,308554.0,263177.0,45377.0,300065.0,191027.0,67311.0,41728.0,351750.0,1158060.0,4360539.0,2313755.0,106101.0,102389.0,181897.0,260268.0,265758.0,398171.0,102449.0,507486.0,176874.0,78380.0,133982.0,2046783.0,630000.0,73717.0,39188.0,152972.0,96289.0,324962.0,546681.0,182974.0,1019313.0,1190551.0,217241.0,168239.0,172717.0,632353.0,692351.0,132136.0,45679.0,35338.0,231010.0,33374.0,23037.0,142088.0,49688.0,1084593.0,279696.0,129392.0,585905.0,89601.0,3866353.0,1613256.0,631700.0,344535.0,556419.0,80602.0,2253097.0,2022143.0,1264767.0,757376.0,230954.0,2100287.0,1247571.0,252041.0,201584.0,793946.0,320801.0,531915.0,469879.0,62036.0,1482802.0,185313.0,1297489.0,607354.0,,435502.0,144513.0,110120.0,807182.0,191882.0,101117.0,90765.0,615300.0,163140.0,452160.0,487601.0,2478905.0,806015.0,718374.0,466347.0,252026.0,87641.0,1672890.0,,,,6127218.0,13082782.0,1274360.0
59,2005,23514740.0,20892146.0,300187.0,253552.0,46636.0,394489.0,249252.0,84276.0,60961.0,416184.0,1287144.0,4803197.0,2494852.0,114833.0,113208.0,202467.0,287908.0,298872.0,407650.0,108742.0,522451.0,206037.0,84250.0,148432.0,2308345.0,661051.0,77040.0,40265.0,160067.0,98962.0,462089.0,610743.0,198128.0,1107735.0,1239713.0,211917.0,175213.0,181068.0,671515.0,752670.0,141797.0,51528.0,37984.0,255943.0,37080.0,22829.0,152341.0,53168.0,1131804.0,292091.0,133440.0,609608.0,96666.0,4245889.0,1750877.0,674960.0,382013.0,605731.0,88172.0,2495012.0,2244469.0,1354950.0,889519.0,250543.0,2281241.0,1346175.0,270158.0,217835.0,858182.0,354808.0,580258.0,513496.0,66762.0,1579546.0,195111.0,1384434.0,642926.0,,469779.0,154855.0,116874.0,854994.0,202012.0,106402.0,95610.0,652982.0,177409.0,475573.0,497353.0,2622594.0,853048.0,764964.0,497159.0,267806.0,88084.0,1769546.0,,,,6785017.0,14107130.0,1337535.0
60,2006,24924662.0,22147977.0,304036.0,256245.0,47792.0,445160.0,257413.0,100825.0,86922.0,421955.0,1353620.0,5092569.0,2638817.0,114562.0,125807.0,233123.0,316668.0,323673.0,425911.0,117199.0,525243.0,214018.0,86381.0,156230.0,2453752.0,667595.0,71692.0,39194.0,167543.0,100747.0,536877.0,660295.0,209810.0,1196837.0,1302079.0,214647.0,185029.0,186495.0,715909.0,820767.0,152088.0,58115.0,42416.0,272753.0,42409.0,24244.0,167247.0,61495.0,1183858.0,304475.0,135886.0,634554.0,108943.0,4477633.0,1885316.0,704439.0,446925.0,636032.0,97920.0,2592317.0,2329814.0,1429146.0,900667.0,262503.0,2438516.0,1432026.0,280968.0,230453.0,920604.0,383657.0,622833.0,549378.0,73455.0,1675049.0,213485.0,1461564.0,671753.0,,502203.0,163216.0,124393.0,912487.0,222694.0,116430.0,106264.0,689793.0,187473.0,502320.0,523411.0,2776686.0,900970.0,805586.0,522568.0,283017.0,95384.0,1875715.0,,,,7195385.0,14952592.0,1411549.0
61,2007,26245040.0,23312460.0,349352.0,304793.0,44560.0,476323.0,276911.0,104498.0,94915.0,451593.0,1339134.0,5403362.0,2769524.0,103303.0,128465.0,256349.0,342761.0,346832.0,444345.0,126282.0,512787.0,263612.0,85636.0,159152.0,2633838.0,720552.0,64401.0,29848.0,174225.0,103514.0,606412.0,728663.0,206223.0,1270853.0,1333963.0,215797.0,188189.0,198425.0,731552.0,866179.0,160672.0,60665.0,47592.0,279027.0,44961.0,25741.0,178484.0,69036.0,1220748.0,311030.0,137057.0,654186.0,118475.0,4686229.0,2025087.0,717423.0,501538.0,691789.0,114337.0,2661142.0,2391047.0,1505887.0,885160.0,270095.0,2643361.0,1544505.0,290423.0,256941.0,997142.0,433424.0,665431.0,588906.0,76525.0,1781125.0,236613.0,1544512.0,707877.0,,530009.0,172632.0,133994.0,955904.0,241509.0,126641.0,114868.0,714395.0,192793.0,521602.0,534333.0,2932580.0,940491.0,841107.0,549977.0,291129.0,99384.0,1992089.0,,,,7568171.0,15744289.0,1471640.0
62,2008,27023522.0,23902481.0,372646.0,327859.0,44787.0,614559.0,388364.0,116162.0,110033.0,524896.0,1275777.0,5493001.0,2686338.0,89111.0,114427.0,280342.0,357772.0,353921.0,423208.0,126921.0,424825.0,269271.0,76952.0,169588.0,2806663.0,778632.0,56518.0,26693.0,177371.0,99166.0,733568.0,735772.0,198943.0,1327125.0,1277235.0,184484.0,194115.0,200652.0,697985.0,905391.0,170930.0,68392.0,51378.0,283670.0,45094.0,31245.0,177782.0,76898.0,1254950.0,312921.0,131082.0,672762.0,138186.0,4689896.0,1992564.0,701000.0,457314.0,715905.0,118345.0,2697333.0,2407801.0,1593855.0,813946.0,289531.0,2739159.0,1624270.0,292145.0,281934.0,1050191.0,432647.0,682242.0,602711.0,79531.0,1898890.0,257307.0,1641583.0,745514.0,,569343.0,181412.0,145314.0,978419.0,247534.0,131771.0,115763.0,730885.0,197994.0,532891.0,550537.0,3121040.0,1023449.0,922626.0,606077.0,316549.0,100823.0,2097591.0,,,,7755983.0,16146498.0,1522579.0
63,2009,24954648.0,21728019.0,338983.0,297682.0,41302.0,404890.0,227565.0,104933.0,72392.0,436451.0,1098960.0,4510570.0,2151628.0,65912.0,89972.0,167124.0,280212.0,285237.0,350156.0,102687.0,342438.0,248003.0,59513.0,160375.0,2358942.0,772599.0,46290.0,24392.0,160533.0,84045.0,482370.0,620935.0,167778.0,1154752.0,1207715.0,147800.0,190728.0,207333.0,661853.0,781800.0,146637.0,54710.0,43314.0,231357.0,44933.0,27305.0,154934.0,78611.0,1219657.0,288324.0,123112.0,664869.0,143353.0,4505854.0,1881688.0,700179.0,436254.0,645369.0,99886.0,2624166.0,2373253.0,1616849.0,756404.0,250913.0,2593604.0,1559577.0,279853.0,279662.0,1000062.0,400165.0,633862.0,559026.0,74836.0,1998014.0,273524.0,1724490.0,773438.0,,611047.0,186589.0,153415.0,955175.0,244099.0,133255.0,110844.0,711076.0,181937.0,529139.0,521593.0,3226629.0,1078903.0,981756.0,637328.0,344427.0,97147.0,2147727.0,,,,6353403.0,15374616.0,1456363.0
64,2010,26475691.0,23139673.0,366578.0,320921.0,45657.0,500091.0,304701.0,112693.0,82696.0,494486.0,1016651.0,5018845.0,2382239.0,71907.0,92358.0,235705.0,295618.0,318689.0,358838.0,108567.0,434597.0,249006.0,57266.0,159687.0,2636606.0,800318.0,49826.0,23271.0,169406.0,83798.0,607722.0,715654.0,186612.0,1359199.0,1299657.0,196860.0,197147.0,215053.0,690596.0,859361.0,163474.0,66432.0,47456.0,251530.0,45138.0,31190.0,165672.0,88469.0,1268870.0,289213.0,129789.0,687338.0,162530.0,4638204.0,1915428.0,691925.0,454393.0,660134.0,108976.0,2722776.0,2454251.0,1650913.0,803339.0,268525.0,2712225.0,1617962.0,285994.0,305029.0,1026939.0,422154.0,672110.0,589673.0,82437.0,2091325.0,292901.0,1798424.0,803224.0,,636893.0,195721.0,162586.0,979227.0,245905.0,134045.0,111860.0,733321.0,185668.0,547653.0,534955.0,3336019.0,1145960.0,1049369.0,675588.0,373781.0,96591.0,2190058.0,,,,6902165.0,16237508.0,1532184.0
65,2011,28045894.0,24681950.0,429493.0,380317.0,49176.0,601786.0,372942.0,130879.0,97965.0,484889.0,1020485.0,5594612.0,2600775.0,72994.0,94064.0,281505.0,326787.0,369088.0,361661.0,117823.0,498798.0,258785.0,57264.0,162007.0,2993837.0,855975.0,52875.0,24900.0,175584.0,84243.0,816949.0,782301.0,201011.0,1530787.0,1335930.0,198780.0,203793.0,212388.0,720969.0,958820.0,194219.0,75816.0,49526.0,278367.0,49239.0,34988.0,179053.0,97611.0,1324737.0,298101.0,128331.0,709654.0,188651.0,4778607.0,1984569.0,693076.0,452234.0,725442.0,113817.0,2794038.0,2509313.0,1686044.0,823269.0,284725.0,2868589.0,1710801.0,297749.0,330931.0,1082121.0,446492.0,711295.0,628101.0,83194.0,2174291.0,306453.0,1867838.0,833752.0,,667845.0,201868.0,164374.0,1030042.0,252149.0,136600.0,115549.0,777894.0,198741.0,579153.0,548882.0,3363944.0,1148747.0,1054974.0,688109.0,366865.0,93773.0,2215197.0,,,,7646377.0,17035573.0,1617693.0
66,2012,29222821.0,25833601.0,451069.0,404166.0,46902.0,613485.0,362652.0,124665.0,126168.0,461485.0,1074580.0,5772675.0,2700968.0,80773.0,99640.0,269217.0,343521.0,404751.0,354241.0,122845.0,513836.0,290669.0,65787.0,155688.0,3071707.0,895927.0,51710.0,19224.0,178973.0,83095.0,833489.0,792822.0,216467.0,1654978.0,1403508.0,221895.0,207675.0,210740.0,763197.0,1006492.0,195394.0,79137.0,50616.0,297770.0,50998.0,36441.0,187246.0,108889.0,1382542.0,296240.0,131697.0,733115.0,221490.0,5067934.0,2153732.0,761660.0,478470.0,796345.0,117255.0,2914202.0,2615551.0,1726669.0,888883.0,298651.0,3009046.0,1785038.0,306975.0,354201.0,1123863.0,478778.0,745230.0,661652.0,83578.0,2266100.0,309586.0,1956515.0,868802.0,,709343.0,208930.0,169440.0,1093442.0,264525.0,144746.0,119779.0,828917.0,214942.0,613975.0,576265.0,3389220.0,1143824.0,1046679.0,676302.0,370376.0,97146.0,2245396.0,,,,7911808.0,17921793.0,1685010.0
67,2013,30350112.0,26923094.0,486245.0,436934.0,49312.0,663437.0,426372.0,114553.0,122511.0,491663.0,1155700.0,5940231.0,2790414.0,90579.0,106304.0,263236.0,350553.0,396978.0,352567.0,123537.0,565638.0,306188.0,67298.0,167538.0,3149817.0,920008.0,54016.0,19552.0,183815.0,83330.0,833756.0,830853.0,224486.0,1734795.0,1480021.0,235849.0,210668.0,216710.0,816793.0,1043890.0,201273.0,82412.0,50646.0,307384.0,55597.0,38768.0,194933.0,112877.0,1437456.0,308803.0,135195.0,752312.0,241147.0,5356604.0,2294384.0,786287.0,518632.0,850730.0,138735.0,3062220.0,2744653.0,1781293.0,963360.0,317567.0,3095108.0,1820720.0,309179.0,358785.0,1152756.0,498995.0,775394.0,690314.0,85080.0,2314042.0,319778.0,1994265.0,874752.0,,732911.0,213892.0,172710.0,1139413.0,274071.0,149519.0,124552.0,865342.0,225962.0,639380.0,584488.0,3427017.0,1097649.0,1004450.0,637602.0,366849.0,93199.0,2329368.0,,,,8245613.0,18677481.0,1743188.0
68,2014,31756413.0,28264017.0,497416.0,441667.0,55750.0,745990.0,476039.0,117311.0,152640.0,537642.0,1258772.0,6026005.0,2906617.0,97599.0,113588.0,265554.0,360672.0,408932.0,348027.0,126457.0,628903.0,325142.0,68961.0,162783.0,3119388.0,948780.0,55831.0,19056.0,184615.0,82404.0,767097.0,830378.0,231228.0,1819133.0,1550954.0,254194.0,218441.0,222950.0,855369.0,1115574.0,211236.0,88647.0,54162.0,333496.0,61828.0,41797.0,208182.0,116224.0,1512476.0,321407.0,136822.0,792998.0,261249.0,5668890.0,2465401.0,819108.0,558422.0,942853.0,145018.0,3203489.0,2865444.0,1834742.0,1030702.0,338045.0,3298810.0,1919730.0,317819.0,377828.0,1224083.0,531325.0,847756.0,757919.0,89837.0,2398894.0,330252.0,2068643.0,909009.0,,758634.0,221088.0,179912.0,1212641.0,288427.0,159033.0,129394.0,924214.0,244184.0,680029.0,620820.0,3492396.0,1095767.0,1001243.0,625335.0,375908.0,94524.0,2396629.0,,,,8528183.0,19735834.0,1830951.0
69,2015,32183068.0,28616198.0,456433.0,402908.0,53526.0,495972.0,268953.0,106189.0,120830.0,513760.0,1386108.0,5703472.0,2900127.0,101014.0,119118.0,227114.0,351962.0,378756.0,348159.0,125970.0,676066.0,332042.0,73697.0,166227.0,2803344.0,946223.0,53537.0,18625.0,182889.0,82196.0,500845.0,785489.0,233541.0,1850756.0,1645199.0,279078.0,227964.0,230215.0,907942.0,1124286.0,211288.0,82025.0,51054.0,332550.0,65769.0,43699.0,217827.0,120074.0,1577867.0,321645.0,143340.0,822079.0,290802.0,5930156.0,2582211.0,830219.0,568232.0,1020216.0,163544.0,3347944.0,3018637.0,1895732.0,1122905.0,329307.0,3458570.0,1999173.0,331383.0,381688.0,1286101.0,561730.0,897667.0,807857.0,89811.0,2529116.0,341095.0,2188021.0,956675.0,,813055.0,230719.0,187572.0,1302063.0,304958.0,168972.0,135985.0,997105.0,258628.0,738477.0,642441.0,3566870.0,1098658.0,1004596.0,613306.0,391290.0,94062.0,2468212.0,,,,8041985.0,20574213.0,1896068.0
70,2016,32855063.0,29205311.0,432253.0,379677.0,52575.0,388411.0,230486.0,96130.0,61795.0,498637.0,1495152.0,5543006.0,2821429.0,104683.0,124776.0,203609.0,340615.0,352634.0,346409.0,121230.0,686373.0,309408.0,74304.0,157387.0,2721577.0,945857.0,52287.0,18977.0,177015.0,85684.0,432966.0,778003.0,230789.0,1852225.0,1712724.0,299944.0,232520.0,230645.0,949615.0,1130818.0,210211.0,75106.0,49734.0,331371.0,67526.0,44488.0,222961.0,129421.0,1683257.0,346546.0,149615.0,862085.0,325011.0,6157941.0,2661261.0,877218.0,565341.0,1062721.0,155980.0,3496680.0,3164317.0,1970581.0,1193736.0,332364.0,3619919.0,2082892.0,338068.0,407144.0,1337680.0,566833.0,970194.0,874536.0,95658.0,2656299.0,353134.0,2303165.0,1013324.0,,851325.0,240019.0,198496.0,1363482.0,318384.0,175969.0,142415.0,1045098.0,269683.0,775415.0,671187.0,3649752.0,1111023.0,1017229.0,614739.0,402490.0,93794.0,2538729.0,,,,7858822.0,21346489.0,2017199.0
71,2017,34392092.0,30647259.0,452386.0,395379.0,57006.0,498345.0,305097.0,105504.0,87745.0,511269.0,1570262.0,5733480.0,2894931.0,111892.0,126704.0,222742.0,343802.0,364463.0,352993.0,121637.0,678976.0,338874.0,74040.0,158806.0,2838549.0,941416.0,50162.0,17378.0,182317.0,83111.0,536275.0,791408.0,236483.0,1960895.0,1777551.0,304451.0,243193.0,234065.0,995842.0,1204932.0,222740.0,78784.0,53294.0,356935.0,76159.0,47146.0,231124.0,138749.0,1744804.0,369583.0,150267.0,857135.0,367819.0,6443621.0,2828225.0,942469.0,592278.0,1137682.0,155795.0,3615397.0,3276865.0,2048746.0,1228119.0,338532.0,3852796.0,2210200.0,358680.0,438637.0,1412883.0,602634.0,1039962.0,937346.0,102615.0,2761763.0,364218.0,2397546.0,1063361.0,,879248.0,245186.0,209751.0,1439414.0,339772.0,188996.0,150776.0,1099642.0,283389.0,816253.0,695741.0,3744833.0,1126173.0,1034751.0,626891.0,407860.0,91422.0,2618660.0,,,,8254473.0,22392787.0,2108870.0
72,2018,36489532.0,32553709.0,451330.0,395102.0,56228.0,627175.0,410045.0,111313.0,105817.0,557498.0,1647954.0,6117725.0,3075466.0,120426.0,132895.0,253806.0,375683.0,394503.0,369723.0,128411.0,713227.0,341894.0,77242.0,167656.0,3042259.0,954102.0,50579.0,17161.0,188941.0,84637.0,665516.0,828705.0,252617.0,2070278.0,1870893.0,322788.0,247451.0,245797.0,1054856.0,1314077.0,240076.0,85636.0,57925.0,391313.0,90282.0,54131.0,249216.0,145497.0,1857452.0,389845.0,162238.0,882502.0,422867.0,6805639.0,3004534.0,1010594.0,624975.0,1218869.0,150097.0,3801105.0,3432010.0,2132339.0,1299670.0,369095.0,4102673.0,2344037.0,362785.0,480207.0,1501045.0,635694.0,1122942.0,1014139.0,108803.0,2880515.0,375035.0,2505481.0,1109960.0,,919235.0,253952.0,222334.0,1523621.0,361319.0,201450.0,159869.0,1162303.0,298749.0,863554.0,726879.0,3935823.0,1183866.0,1091835.0,663650.0,428185.0,92031.0,2751957.0,,,,8844183.0,23709526.0,2262617.0
73,2019,37709701.0,33604067.0,439022.0,387890.0,51132.0,594814.0,375173.0,111909.0,107732.0,558824.0,1722906.0,6055431.0,3073168.0,112196.0,137272.0,236418.0,383709.0,400331.0,372625.0,132381.0,716830.0,339256.0,74713.0,167437.0,2982263.0,977857.0,49805.0,17880.0,190284.0,83262.0,596252.0,815574.0,251350.0,2126659.0,1925356.0,323484.0,257873.0,245884.0,1098115.0,1361348.0,258574.0,85413.0,58944.0,399230.0,91579.0,59631.0,257141.0,150837.0,1938754.0,408651.0,166748.0,888359.0,474995.0,7158534.0,3086742.0,1027700.0,660485.0,1264499.0,134057.0,4071792.0,3680358.0,2229205.0,1451153.0,391434.0,4360407.0,2491956.0,376221.0,494585.0,1621151.0,671296.0,1197154.0,1082982.0,114172.0,3013204.0,384977.0,2628227.0,1167461.0,,961915.0,264390.0,234461.0,1593009.0,378021.0,209260.0,168761.0,1214988.0,307238.0,907750.0,755798.0,4105635.0,1243040.0,1152360.0,707491.0,444868.0,90680.0,2862595.0,,,,8812173.0,24791894.0,2356633.0
74,2020,36561975.0,32393106.0,447779.0,394395.0,53384.0,416323.0,255273.0,98029.0,63020.0,530634.0,1795933.0,5501239.0,2817455.0,122455.0,135237.0,198528.0,352040.0,359909.0,374411.0,127261.0,644235.0,268143.0,73628.0,161607.0,2683784.0,1003800.0,46977.0,16952.0,178193.0,76436.0,355259.0,768669.0,237497.0,2034986.0,2028968.0,307889.0,284117.0,269334.0,1167628.0,1160113.0,114987.0,74529.0,38611.0,392456.0,58462.0,56294.0,270711.0,154062.0,1977355.0,429719.0,144046.0,886743.0,516848.0,7279749.0,3203192.0,1031886.0,689892.0,1315650.0,165763.0,4076558.0,3709718.0,2323265.0,1386453.0,366840.0,4385424.0,2558862.0,381925.0,515252.0,1661684.0,678177.0,1148385.0,1034106.0,114280.0,2934839.0,363566.0,2571274.0,1116775.0,,957759.0,261882.0,234857.0,1188873.0,244202.0,136390.0,107812.0,944670.0,170537.0,774133.0,710893.0,4168869.0,1321859.0,1233095.0,731008.0,502087.0,88764.0,2847010.0,,,,8161273.0,24231833.0,2449319.0
75,2021,41404764.0,36937182.0,526044.0,466636.0,59408.0,628513.0,455730.0,108964.0,63819.0,643958.0,1964451.0,6318726.0,3217797.0,150057.0,146318.0,262538.0,393877.0,414743.0,402420.0,144161.0,733182.0,308008.0,79642.0,182850.0,3100929.0,1053476.0,52235.0,22544.0,191803.0,78734.0,607906.0,847284.0,246945.0,2425889.0,2366359.0,380557.0,297386.0,290410.0,1398006.0,1455569.0,187990.0,84361.0,44609.0,476030.0,69949.0,63182.0,344389.0,185058.0,2253422.0,498160.0,168221.0,932633.0,654408.0,7824125.0,3455765.0,1073129.0,788599.0,1401514.0,192523.0,4368360.0,3969098.0,2408100.0,1560998.0,399262.0,4964501.0,2857268.0,422801.0,553296.0,1881171.0,733132.0,1374101.0,1246752.0,127349.0,3178380.0,391655.0,2786724.0,1224919.0,,1037226.0,264325.0,260255.0,1631201.0,335002.0,191247.0,143756.0,1296198.0,260709.0,1035490.0,756045.0,4467582.0,1408950.0,1316594.0,744145.0,572449.0,92356.0,3058632.0,,,,9437733.0,27499448.0,2746457.0
